<?xml version="1.0" ?>
<LOG_ROOT>
	<PROJECT NAME="MULTIPLY">
		<CBX_INST_ENTRY INSTANCE_NAME="|MULTIPLY|Datapath:inst|BUSMUX:inst23|lpm_mux:$00000" CBX_FILE_NAME="mux_smc.tdf"/>
		<CBX_INST_ENTRY INSTANCE_NAME="|MULTIPLY|Datapath:inst|Register_File:inst5|BUSMUX:inst|lpm_mux:$00000" CBX_FILE_NAME="mux_smc.tdf"/>
		<CBX_INST_ENTRY INSTANCE_NAME="|MULTIPLY|Datapath:inst|Register_File:inst5|REGISTER:inst1|BUSMUX:inst15|lpm_mux:$00000" CBX_FILE_NAME="mux_smc.tdf"/>
		<CBX_INST_ENTRY INSTANCE_NAME="|MULTIPLY|Datapath:inst|BUSMUX:inst24|lpm_mux:$00000" CBX_FILE_NAME="mux_smc.tdf"/>
		<CBX_INST_ENTRY INSTANCE_NAME="|MULTIPLY|Datapath:inst|Register_File:inst5|BUSMUX:inst5|lpm_mux:$00000" CBX_FILE_NAME="mux_smc.tdf"/>
		<CBX_INST_ENTRY INSTANCE_NAME="|MULTIPLY|Datapath:inst|Register_File:inst5|REGISTER:inst1|BUSMUX:inst12|lpm_mux:$00000" CBX_FILE_NAME="mux_smc.tdf"/>
		<CBX_INST_ENTRY INSTANCE_NAME="|MULTIPLY|Datapath:inst|BUSMUX:inst21|lpm_mux:$00000" CBX_FILE_NAME="mux_smc.tdf"/>
		<CBX_INST_ENTRY INSTANCE_NAME="|MULTIPLY|Datapath:inst|CMP:inst11|BUSMUX:inst36|lpm_mux:$00000" CBX_FILE_NAME="mux_nmc.tdf"/>
		<CBX_INST_ENTRY INSTANCE_NAME="|MULTIPLY|Datapath:inst|Register_File:inst5|BUSMUX:inst2|lpm_mux:$00000" CBX_FILE_NAME="mux_smc.tdf"/>
		<CBX_INST_ENTRY INSTANCE_NAME="|MULTIPLY|Datapath:inst|Register_File:inst5|BUSMUX:inst6|lpm_mux:$00000" CBX_FILE_NAME="mux_smc.tdf"/>
		<CBX_INST_ENTRY INSTANCE_NAME="|MULTIPLY|Datapath:inst|Register_File:inst5|REGISTER:inst1|BUSMUX:inst13|lpm_mux:$00000" CBX_FILE_NAME="mux_smc.tdf"/>
		<CBX_INST_ENTRY INSTANCE_NAME="|MULTIPLY|Datapath:inst|BUSMUX:inst22|lpm_mux:$00000" CBX_FILE_NAME="mux_smc.tdf"/>
		<CBX_INST_ENTRY INSTANCE_NAME="|MULTIPLY|Datapath:inst|BUSMUX:inst|lpm_mux:$00000" CBX_FILE_NAME="mux_smc.tdf"/>
		<CBX_INST_ENTRY INSTANCE_NAME="|MULTIPLY|Datapath:inst|Register_File:inst5|BUSMUX:inst7|lpm_mux:$00000" CBX_FILE_NAME="mux_smc.tdf"/>
		<CBX_INST_ENTRY INSTANCE_NAME="|MULTIPLY|Datapath:inst|Register_File:inst5|REGISTER:inst1|BUSMUX:inst14|lpm_mux:$00000" CBX_FILE_NAME="mux_smc.tdf"/>
		<CBX_INST_ENTRY INSTANCE_NAME="|MULTIPLY|Datapath:inst|BUSMUX:inst18|lpm_mux:$00000" CBX_FILE_NAME="mux_smc.tdf"/>
		<CBX_INST_ENTRY INSTANCE_NAME="|MULTIPLY|Datapath:inst|Register_File:inst5|BUSMUX:inst4|lpm_mux:$00000" CBX_FILE_NAME="mux_smc.tdf"/>
	</PROJECT>
</LOG_ROOT>
